Id,Output
1,90.1998793891
2,125.386935111
3,112.147688538
4,109.31991578
5,122.428317778
6,103.927377288
7,61.5788971947
8,123.860404123
9,133.960283217
10,134.864958447
11,103.64566954
12,115.061658228
13,105.346792475
14,73.8116765213
15,124.577630057
16,93.1539619864
17,117.672877357
18,52.008118596
19,110.818017868
20,114.239196727
21,95.8995776407
22,72.3718271688
23,124.435182979
24,141.03022874
25,77.3440199542
26,108.924172072
27,123.788763125
28,117.148999203
29,100.078641709
30,74.3624781916
31,64.2794300931
32,126.141319294
33,83.6947937735
34,116.685592744
35,76.4720031768
36,111.173788082
37,122.771410555
38,87.253848062
39,88.050495767
40,82.769089663
41,62.2506437087
42,123.475395909
43,77.9062703202
44,69.3160466826
45,94.329730888
46,114.382766154
47,77.3536220371
48,71.8611866691
49,58.7972184965
50,129.102829445
51,130.67082114
52,109.980836326
53,146.86809476
54,87.1364919342
55,79.0336523064
56,116.222216721
57,85.4738878391
58,121.891654369
59,96.2185004661
60,121.178541043
61,51.8774331047
62,92.678468272
63,58.5138936546
64,85.7204834389
65,112.22978017
66,109.556923501
67,136.09037763
68,117.052958744
69,125.679558328
70,116.22029458
71,139.271316153
72,124.937784796
73,129.771162136
74,109.113979814
75,94.1637509819
76,129.802675921
77,76.2282738356
78,52.8586635505
79,70.2935305636
80,62.1677459682
81,65.2103663863
82,81.749158034
83,86.1253941286
84,102.295056042
85,119.716780701
86,131.83270497
87,124.077865709
88,120.391397992
89,56.7948388877
90,103.91906619
91,120.372281641
92,82.3636424782
93,102.377681494
94,128.487812751
95,123.194716814
96,105.332628892
97,114.155896397
98,76.3279442448
99,95.6788329834
100,64.7488316489
101,108.133449787
102,76.9710850756
103,98.5947488172
104,114.57160619
105,98.0769540685
106,86.0804550774
107,82.7350099561
108,60.1711396112
109,95.3517987819
110,109.308558375
111,84.8932549206
112,94.9486434473
113,140.923550822
114,130.455985036
115,60.3824823764
116,115.224247573
117,110.867597631
118,40.1515357245
119,77.8803079559
120,127.265703436
121,62.5309306064
122,110.495478744
123,98.6205120352
124,131.956549982
125,122.361160425
126,71.6223022277
127,129.248357604
128,70.1072717543
129,92.3817789596
130,80.3794825169
131,123.036069061
132,128.633246308
133,120.746035593
134,113.25659746
135,131.308296921
136,104.775608757
137,83.9822730591
138,65.1473109986
139,72.2115855834
140,126.70547874
141,135.510146089
142,106.909936843
143,132.181148052
144,86.2405791998
145,80.966117539
146,118.623291765
147,124.609693856
148,107.67884163
149,104.708026227
150,126.489469552
151,130.803111988
152,104.59166776
153,124.210992198
154,116.046918517
155,61.7853579666
156,114.117814742
157,120.041656717
158,116.494782065
159,60.4588653147
160,76.4967682748
161,126.998659796
162,136.239839869
163,63.9006793469
164,90.1218806261
165,128.03825842
166,84.9429793281
167,67.3783404431
168,120.165256618
169,125.353906039
170,96.6898472548
171,122.60673244
172,108.118823668
173,66.1886228201
174,87.7333438823
175,131.504759227
176,124.979474046
177,115.377171887
178,64.7212202805
179,128.811127884
180,104.032530662
181,77.636552673
182,75.5625542914
183,122.689260118
184,109.739415361
185,57.2619927784
186,69.7846199942
187,115.280052546
188,68.5701296527
189,64.4606476489
190,124.910691919
191,60.6064395862
192,116.865989222
193,75.3960051381
194,76.914182411
195,116.441143109
196,124.164548639
197,112.759119285
198,124.425819788
199,106.015432497
200,125.89854417
201,111.904812778
202,87.6134279317
203,83.1236500966
204,71.7824925926
205,108.750865553
206,117.962460987
207,70.1974019851
208,65.8798049543
209,97.8606156927
210,80.5056951084
211,99.1939075256
212,79.5615212507
213,134.189557959
214,125.040400842
215,118.421684062
216,126.526420193
217,110.946562325
218,112.340252771
219,93.006369992
220,72.7947363212
221,115.388445446
222,83.7181451032
223,123.554932199
224,127.844269806
225,66.5416279553
226,81.2732349755
227,107.191765841
228,79.1462231355
229,127.699210418
230,125.888723527
231,76.9010837596
232,119.39000052
233,135.49662823
234,112.682493186
235,101.355662365
236,48.5543307447
237,56.5016769828
238,116.289905741
239,56.9258857576
240,107.379108593
241,111.6939844
242,139.063378595
243,120.571315508
244,128.389834205
245,123.466041898
246,123.509271555
247,73.157561279
248,124.923724423
249,64.298790268
250,84.0774213273
251,68.387856367
252,118.521258035
253,112.620811991
254,104.360414553
255,90.1461508613
256,124.563392692
257,84.8143842137
258,111.448721014
259,130.260682829
260,99.7535779076
261,125.470779849
262,98.594054562
263,122.984380577
264,121.667510589
265,101.274380057
266,128.626607759
267,125.056873002
268,51.5315268442
269,56.9950661741
270,117.497977677
271,97.2260337139
272,75.7225647686
273,64.0263335211
274,100.618460145
275,65.1351797183
276,128.494477878
277,121.978372203
278,122.591257282
279,133.740261504
280,90.6973102828
281,122.00450492
282,61.4695873234
283,124.966826867
284,116.700086694
285,77.7186344318
286,122.096963921
287,71.056143923
288,77.4367894894
289,51.5433023008
290,63.2782879016
291,61.8747841835
292,117.034242827
293,99.5695537796
294,123.084654521
295,129.120145111
296,70.3120806352
297,37.0992522517
298,99.8004310148
299,74.6752279533
300,114.562752424
301,69.8777841787
302,65.3973465071
303,113.960918385
304,87.7961918484
305,60.7629975072
306,97.2306173175
307,27.9744941105
308,109.432949571
309,119.99384054
310,55.7260649933
311,121.350286118
312,60.2251191253
313,97.4222488935
314,113.033221359
315,66.273852761
316,133.016500872
317,111.508268195
318,123.497727673
319,60.141976849
320,105.624800984
321,55.1437095731
322,112.273823474
323,58.7616988348
324,103.934083077
325,118.413396798
326,92.056619952
327,90.9245837788
328,61.1016485627
329,108.428113383
330,71.2463714346
331,86.513907396
332,85.2225042919
333,63.4678970966
334,105.6296031
335,113.73567386
336,87.8103097197
337,70.4950478324
338,128.425306914
339,112.855033528
340,76.2246685206
341,91.8214780235
342,98.7337273578
343,121.483999354
344,83.1405016063
345,130.901204539
346,119.099260811
347,75.4827084861
348,64.8227651554
349,84.7493847496
350,117.001355244
351,72.0605275775
352,112.157265016
353,126.68306203
354,95.9228304401
355,104.78315941
356,125.331120864
357,85.2208481947
358,112.897452872
359,118.714357052
360,61.5065464353
361,125.300742672
362,91.2213399463
363,101.727762947
364,113.785257399
365,93.1347018088
366,111.364560332
367,102.759897491
368,99.7448926735
369,88.3849341263
370,77.2568675613
371,121.545376452
372,80.4588663866
373,72.4208360745
374,79.8626037878
375,87.7109210562
376,130.284330795
377,111.186825779
378,65.531746952
379,131.339041168
380,91.9609426543
381,124.206399652
382,82.4279058138
383,127.231503578
384,74.7560985353
385,100.664413344
386,125.918001633
387,70.385276582
388,38.6772542886
389,108.0084098
390,126.217954486
391,71.9244707885
392,83.6110098105
393,117.559728348
394,109.28931883
395,112.757375604
396,74.7194614778
397,132.458052523
398,128.330951632
399,71.9327614827
400,82.7506966069
401,113.377808181
402,80.1227661053
403,99.865563924
404,121.40653223
405,61.2599171448
406,120.174365887
407,67.5004957449
408,104.544178443
409,64.4854637099
410,119.73844445
411,136.272265733
412,81.91163634
413,65.3142233685
414,115.878231182
415,57.6401419251
416,120.399694171
417,110.363736796
418,106.245977337
419,83.9554804726
420,53.3804121547
421,114.236712535
422,105.288982534
423,85.008555038
424,53.0105103715
425,81.7075397405
426,125.240017863
427,118.26909759
428,76.8441352554
429,65.8460358252
430,67.830509833
431,112.248136836
432,114.485953884
433,122.593799605
434,130.078855402
435,114.176796451
436,114.345154606
437,76.5831424919
438,68.4282970315
439,124.304243252
440,119.975180089
441,137.1952346
442,76.9070477384
443,61.8442870432
444,127.059265067
445,123.701185276
446,51.5280236438
447,104.642477128
448,64.2816586107
449,64.3798554043
450,114.459417945
451,135.629812732
452,91.9344685295
453,82.2615175982
454,124.187443923
455,158.526037341
456,79.9652656097
457,95.9099311585
458,130.855245099
459,116.325427771
460,76.9215126998
461,79.6577668321
462,61.6465543646
463,122.04271094
464,134.327304026
465,91.1130709608
466,118.873665865
467,88.5671872033
468,69.8593202144
469,127.025610265
470,103.015760021
471,85.9273734332
472,107.41901583
473,116.075096332
474,118.646947162
475,66.7226136814
476,121.05863318
477,117.070975485
478,57.4842439399
479,81.6986304438
480,84.2852930741
481,61.2179101891
482,118.356199728
483,135.869345744
484,86.3038680133
485,128.148589137
486,124.478885639
487,78.6455230993
488,126.410914441
489,64.8488710782
490,112.648611462
491,125.058024492
492,60.0316092066
493,132.666325042
494,62.8484208637
495,24.7916459462
496,64.9366588702
497,119.391643555
498,131.085670109
499,125.349207173
500,73.2822084515
501,119.155361285
502,129.239198899
503,73.5174646678
504,73.5169567125
505,127.635068053
506,120.041633938
507,68.9772515976
508,72.0681886845
509,119.339933481
510,50.3189372733
511,125.401946579
512,127.110033527
513,100.798590295
514,104.964535348
515,107.741061299
516,146.4012171
517,58.7868509499
518,56.095417651
519,38.7547090897
520,62.9045460162
521,82.064402842
522,107.188239484
523,88.2125035339
524,77.4964103049
525,80.9196141881
526,136.898845406
527,112.293795686
528,109.845090988
529,92.134940942
530,115.373024214
531,108.661960474
532,79.3819827664
533,55.6281073969
534,122.334304185
535,112.540087087
536,109.213403685
537,114.697161087
538,66.2636651268
539,114.680132718
540,122.029691517
541,63.3648868652
542,60.6118971901
543,85.9837328551
544,99.6045234619
545,80.3320232113
546,80.4672122644
547,91.187222378
548,118.147780429
549,120.719655364
550,98.5613170111
551,54.4729133546
552,62.3968651538
553,105.765460609
554,107.950501006
555,129.699679964
556,86.2810066536
557,119.43741218
558,74.8277880708
559,125.042267514
560,109.535415012
561,65.096383778
562,112.420793634
563,104.684998071
564,91.931528893
565,59.262470319
566,112.562966428
567,67.782349988
568,70.613193479
569,121.938764551
570,107.00677273
571,121.465307934
572,125.888767653
573,102.487278733
574,93.2981482834
575,93.5070862286
576,122.018042005
577,85.9253138147
578,115.590272386
579,136.281151729
580,84.0271899702
581,74.4324356785
582,67.4162550678
583,106.019707003
584,74.7156393127
585,70.6203498386
586,125.387482257
587,103.080728436
588,74.6727432918
589,69.5914535957
590,64.7311787753
591,91.9205577609
592,78.3086227618
593,80.1799170091
594,86.6092306921
595,129.96272056
596,95.4524334277
597,109.690719227
598,69.5105918339
599,61.2477462105
600,104.578778705
601,96.979035019
602,114.846259981
603,65.1914322622
604,112.048011839
605,79.9506597914
606,112.61848202
607,89.8965310939
608,101.556242903
609,82.9009336768
610,62.4923102096
611,64.9219128246
612,77.0841805277
613,119.838861333
614,125.370646984
615,74.0985707879
616,72.3329596076
617,67.6607625693
618,110.178594221
619,96.0760672779
620,69.1810989815
621,103.605358883
622,119.745427151
623,124.41155456
624,122.856327243
625,97.5577373523
626,61.6822246202
627,58.0592961198
628,117.02949092
629,135.598060628
630,93.1096795037
631,79.9203492363
632,80.1478288428
633,112.495128528
634,100.470902732
635,96.4574234603
636,120.762192156
637,140.803885625
638,117.161973691
639,60.7365256972
640,50.9660606622
641,120.749434411
642,82.8761173673
643,69.1754956319
644,88.2542308718
645,126.591659461
646,135.857296163
647,94.5762898718
648,59.1370990387
649,107.165027103
650,66.523386426
651,64.0197033543
652,129.985542921
653,114.334705924
654,95.2608888217
655,79.8103687099
656,102.570465175
657,109.977265031
658,98.5975217233
659,154.165235126
660,69.5386070878
661,47.9603498949
662,121.232062635
663,77.0034617525
664,60.4932558511
665,86.1367250425
666,82.5638572074
667,144.693570033
668,121.825621772
669,119.673002344
670,133.145843613
671,106.77880617
672,122.394569632
673,133.099582708
674,118.225476806
675,121.625282163
676,78.3755321365
677,127.330644864
678,70.9147452857
679,105.351203434
680,80.1282376355
681,101.546997511
682,134.924800578
683,121.564460228
684,97.6058464271
685,70.328748734
686,111.288243777
687,63.1495365592
688,126.222485919
689,135.528493068
690,116.3928941
691,120.038445777
692,107.631593045
693,114.948354054
694,109.577486536
695,94.2836840109
696,100.495833346
697,84.0007701613
698,84.8237139574
699,87.7289930386
700,131.481367923
701,110.278814593
702,108.369852736
703,55.7449933155
704,82.1315846038
705,81.0845581319
706,87.9948782892
707,102.101861252
708,67.3107444363
709,96.7417399377
710,110.75733057
711,118.9392486
712,108.338242499
713,33.483482009
714,119.190616874
715,95.5783392092
716,119.916212293
717,72.6244593116
718,91.4676395675
719,70.1869961067
720,130.286050888
721,92.0915924879
722,123.485048866
723,64.8056313909
724,118.76280073
725,102.183183101
726,119.876567742
727,125.61347329
728,120.684793225
729,80.6991874402
730,72.235274191
731,95.4234586331
732,109.446145401
733,118.931599308
734,101.634077253
735,62.700139652
736,78.2800065616
737,114.363316439
738,86.5714441531
739,58.2637572842
740,93.6227524156
741,93.757744897
742,56.0915115772
743,105.39183926
744,96.2492343718
745,63.8545105937
746,131.332512313
747,73.167621684
748,107.190334684
749,86.1968436106
750,117.648485678
751,115.430776682
752,95.7620921641
753,69.1200916112
754,77.4294985342
755,132.086428023
756,73.6752790094
757,110.504905884
758,97.7234405123
759,59.9608964724
760,80.2159319699
761,99.44707677
762,127.021003484
763,114.995628831
764,68.7014624436
765,88.2296642801
766,135.051009274
767,58.7059115357
768,61.8381479455
769,62.4793537082
770,126.045469916
771,130.509077907
772,116.268443901
773,124.964077757
774,134.643000162
775,108.41612324
776,106.433651242
777,110.964712408
778,119.774974362
779,100.185051138
780,85.3098279326
781,112.616335558
782,102.084752329
783,65.5669680155
784,57.0838708491
785,54.3722694632
786,129.691514779
787,70.1990138216
788,82.8388343059
789,62.3592541809
790,127.375695267
791,56.5936560745
792,100.029022404
793,84.4340299814
794,133.219653071
795,135.330021784
796,82.963115602
797,69.8409536633
798,108.454770371
799,92.8434807129
800,126.463659505
801,126.803848941
802,68.2446315597
803,120.938082043
804,60.3468549118
805,114.98468781
806,60.6982652951
807,125.032099082
808,86.1030686508
809,132.019407751
810,77.9090189857
811,104.964003197
812,95.717736488
813,65.6449446248
814,60.2881026013
815,79.2745111224
816,138.436459704
817,55.3598377177
818,90.3711052732
819,116.717913645
820,128.015326864
821,104.879039699
822,118.753117835
823,116.390326577
824,136.685011052
825,54.3356981068
826,132.183805864
827,91.5536162217
828,115.173966868
829,101.895638256
830,61.4450487573
831,54.3045024603
832,100.42581267
833,136.548943169
834,132.037378627
835,69.762775869
836,100.205334709
837,67.781398383
838,120.323114747
839,130.873991209
840,70.8581094118
841,64.0171086548
842,55.9541348767
843,111.801081385
844,120.080272055
845,86.6327830965
846,127.688243991
847,124.12788665
848,51.9543331745
849,79.5207094826
850,67.3144051331
851,128.354374486
852,107.511054905
853,124.747354536
854,120.281657982
855,117.252936573
856,82.6876084432
857,62.5008258585
858,125.027336485
859,65.5823286181
860,61.1738165396
861,68.0406196057
862,84.1086582184
863,119.717153566
864,94.9303954106
865,108.999934219
866,61.9212586573
867,38.6555598944
868,91.3573670564
869,130.160002174
870,123.548942121
871,118.020958047
872,113.371190951
873,63.3826311844
874,66.9365849167
875,128.768453675
876,88.3330690754
877,79.3925562007
878,120.029637671
879,63.983057326
880,134.746571398
881,65.4749555824
882,76.3750524356
883,82.0520374848
884,130.081228519
885,57.7941950219
886,96.3897903942
887,58.4311505037
888,121.236316734
889,87.4333435479
890,127.544516312
891,131.674939937
892,127.175915631
893,68.6750378289
894,77.1904627051
895,54.1910240367
896,96.7919781719
897,100.261046251
898,114.352602977
899,56.9517780793
900,129.343849066
901,89.6187162139
902,64.1813514927
903,67.4391279099
904,93.3709115137
905,87.8580061349
906,68.0221114418
907,62.9878682403
908,123.23803873
909,66.2651141958
910,60.9597342715
911,131.457895945
912,87.8966999197
913,78.1562004828
914,109.495412656
915,86.882900356
916,70.2622946187
917,73.5103550177
918,120.996027202
919,103.302722265
920,131.047336328
921,64.0499252242
922,133.036089204
923,70.4923624157
924,115.433191264
925,99.4337229662
926,62.8340501833
927,89.706939855
928,119.769204802
929,82.7151810372
930,79.1239656665
931,116.499067181
932,79.7283062522
933,122.640853167
934,65.1527764859
935,73.4258270754
936,118.2382277
937,80.3291150613
938,131.116428468
939,106.67776301
940,80.4922513846
941,86.3641129998
942,83.2726064295
943,112.376532022
944,70.3166419817
945,69.6443889084
946,101.948354812
947,68.5122130046
948,114.566387173
949,119.280700457
950,115.15429985
951,135.908301647
952,63.5429102146
953,102.160775285
954,74.1379581176
955,128.998614401
956,62.9757581221
957,76.4039512626
958,106.779303564
959,121.621292292
960,122.85160699
961,61.6174501277
962,110.03439027
963,95.6999806662
964,100.875591557
965,106.668723942
966,65.4992406044
967,92.8796263535
968,75.7859492029
969,98.2560092202
970,65.5931618244
971,72.6271766911
972,134.275592231
973,122.736019966
974,124.788572414
975,108.290414644
976,101.85540959
977,119.267646263
978,79.4995308936
979,128.280811314
980,78.4009242216
981,74.8891731927
982,75.960926711
983,117.227176404
984,96.3092915871
985,75.1647928785
986,116.291264139
987,124.782689698
988,123.276387924
989,79.1354247119
990,111.589381651
991,131.747653976
992,97.363782912
993,112.009969867
994,104.583065069
995,76.4103312247
996,80.0597904206
997,131.882367532
998,121.745864746
999,58.6094787152
1000,118.081698575
1001,78.030199456
1002,113.939074027
1003,128.997563227
1004,64.9005866833
1005,69.1483243002
1006,58.0086177797
1007,99.2133736258
1008,100.408530524
1009,103.676112449
1010,124.51439626
1011,101.302243876
1012,78.130651625
1013,133.152563801
1014,102.771306443
1015,88.3739602452
1016,113.185050765
1017,68.7767137194
1018,110.539632223
1019,111.200566604
1020,81.5993471246
1021,114.268562309
1022,105.633419529
1023,87.6942883203
1024,56.4029605993
1025,58.1266231755
1026,60.4455107039
1027,54.0142483586
1028,82.1393432517
1029,70.7055755681
1030,90.3147090977
1031,129.893358048
1032,55.050291867
1033,96.1152784451
1034,121.24071864
1035,88.8579140417
1036,106.181937435
1037,118.92630594
1038,87.1849651687
1039,79.2027221578
1040,121.738440182
1041,89.9683436549
1042,113.871794103
1043,65.6513067371
1044,114.533540817
1045,108.32171922
1046,65.7954552944
1047,94.5867636047
1048,140.046462202
1049,125.936178349
1050,56.200257997
1051,119.132718769
1052,113.306530774
1053,74.6577308229
1054,70.9394584192
1055,65.203582687
1056,109.126468754
1057,123.28293063
1058,119.80755153
1059,117.753459302
1060,120.738293736
1061,81.2994961062
1062,95.1366353888
1063,129.004995339
1064,65.3881023217
1065,103.138373808
1066,78.188744517
1067,86.1938105384
1068,96.7168064637
1069,59.0949181344
1070,134.800110601
1071,68.6071057362
1072,125.88482492
1073,86.3658445171
1074,72.0765713345
1075,109.264673517
1076,111.521902689
1077,102.6758137
1078,73.9451854093
1079,64.5687185282
1080,80.6753797964
1081,126.62092477
1082,120.723343121
1083,106.294774766
1084,75.3719245634
1085,63.5743569256
1086,131.202632159
1087,64.5734704514
1088,126.149519126
1089,137.174319182
1090,61.4569102413
1091,135.391857087
1092,65.486391044
1093,66.0880481379
1094,125.172056351
1095,124.51801231
1096,140.294480689
1097,62.1206680715
1098,63.5141181635
1099,73.5890850026
1100,63.2796919383
1101,63.1978549541
1102,121.571122366
1103,82.2220163757
1104,116.79396492
1105,60.6027529267
1106,96.5046006228
1107,125.896743919
1108,107.017221667
1109,111.601530802
1110,111.363369101
1111,115.51540267
1112,104.922199647
1113,125.79235161
1114,60.5247387946
1115,66.371959107
1116,57.6668438659
1117,107.405789304
1118,106.830386956
1119,79.8119114238
1120,116.802688148
1121,71.1900697331
1122,117.002270927
1123,84.4558297064
1124,139.262247294
1125,106.292013752
1126,124.63147915
1127,92.0912018422
1128,120.098054356
1129,62.4295628559
1130,60.9334438138
1131,72.8087261109
1132,125.338583526
1133,117.602171489
1134,47.2531191424
1135,95.8220185134
1136,76.2118023477
1137,82.2586820797
1138,129.293621918
1139,121.096482645
1140,135.774635052
1141,115.728574408
1142,126.767259562
1143,127.132268773
1144,115.832380616
1145,75.9349088132
1146,95.0844781061
1147,72.3128750068
1148,78.6814392247
1149,113.76157014
1150,124.135571574
1151,79.2131593535
1152,65.072388487
1153,99.458387207
1154,86.0051818577
1155,90.1155704364
1156,124.99600281
1157,65.9543906674
1158,61.939813014
1159,86.7834044104
1160,117.852252347
1161,117.389446362
1162,62.200327687
1163,104.379135169
1164,110.389335971
1165,118.291973007
1166,104.298015062
1167,125.490475129
1168,107.026803958
1169,121.961711467
1170,124.36148795
1171,116.374590314
1172,104.597104498
1173,124.208491056
1174,132.760024056
1175,143.975422149
1176,77.1348251638
1177,126.7993604
1178,72.2038260984
1179,98.9758745232
1180,86.783030682
1181,120.459471042
1182,89.2358060336
1183,81.369542992
1184,99.6988337522
1185,115.773234306
1186,106.77973512
1187,70.015908244
1188,82.2064597044
1189,63.032375797
1190,88.9056442608
1191,123.597261275
1192,87.3560425341
1193,142.372704576
1194,104.702536599
1195,68.982390567
1196,104.464804711
1197,125.171022218
1198,127.450033955
1199,97.6729183356
1200,90.8532704045
1201,124.666495386
1202,136.328792855
1203,82.6829560104
1204,62.9392560531
1205,106.875888079
1206,126.6088897
1207,54.2877256486
1208,87.9522129252
1209,121.768925385
1210,69.6199423418
1211,62.0085908182
1212,99.3651079625
1213,121.727404482
1214,77.113424818
1215,67.4561931107
1216,131.501740576
1217,140.106434957
1218,75.1844589334
1219,127.322570187
1220,113.622428358
1221,126.709272116
1222,93.2707267011
1223,86.9380911496
1224,76.0657812341
1225,115.422145836
1226,99.3693065355
1227,67.0167532584
1228,94.8567903455
1229,110.528228272
1230,93.4998305242
1231,120.584034443
1232,119.564440226
1233,88.016729337
1234,115.315636585
1235,67.0986362646
1236,87.8729800206
1237,101.073790874
1238,121.64857157
1239,111.933313324
1240,105.600932697
1241,134.541667362
1242,108.539817548
1243,122.188516489
1244,32.9484603931
1245,97.2987670817
1246,116.14964776
1247,73.9012790708
1248,75.1536212482
1249,83.1536061439
1250,61.1877698345
1251,89.0227001064
1252,116.521446019
1253,76.2653038977
1254,104.903782318
1255,74.6127357596
1256,118.333426469
1257,69.9141776442
1258,62.1000670171
1259,116.61563377
1260,103.621683648
1261,82.6853093318
1262,92.1121013351
1263,124.232055927
1264,71.1108172812
1265,83.52221757
1266,116.579181582
1267,122.382112083
1268,91.5740944342
1269,100.017891157
1270,132.705590282
1271,95.4004000993
1272,58.626474935
1273,134.077517141
1274,85.9182580784
1275,136.038275787
1276,128.118979968
1277,122.61175382
1278,120.396337727
1279,91.9578916163
1280,82.4270826828
1281,119.380674486
1282,124.715220477
1283,46.2296348708
1284,98.2604228751
1285,112.88730859
1286,117.511020117
1287,125.410885103
1288,59.5823340056
1289,132.318840835
1290,120.430358701
1291,68.4345373895
1292,114.709485687
1293,94.7954092461
1294,105.452442797
1295,114.370018185
1296,76.0343389516
1297,125.601314526
1298,90.4545995974
1299,59.2615519779
1300,69.9691102526
1301,131.383294994
1302,93.6352290471
1303,69.7706882482
1304,132.44431853
1305,118.97541336
1306,74.0617716902
1307,58.7825268139
1308,126.990535826
1309,90.1078054021
1310,54.9268526451
1311,120.13081497
1312,67.542168284
1313,134.640305466
1314,125.754519699
1315,87.9259067516
1316,57.7388418022
1317,80.8762346724
1318,129.200948403
1319,68.2512748074
1320,137.902383056
1321,117.334519512
1322,94.1690879177
1323,124.972563325
1324,108.896065275
1325,109.881875259
1326,63.0438653315
1327,91.9557105543
1328,104.037943431
1329,106.645819915
1330,86.9495059359
1331,96.7258238216
1332,123.501729604
1333,108.664182577
1334,106.245886937
1335,63.377574783
1336,72.6710173678
1337,112.84024462
1338,112.037540435
1339,86.4200461672
1340,115.030476547
1341,121.23826651
1342,103.747608772
1343,102.209477948
1344,121.551597653
1345,111.757811197
1346,131.803471115
1347,83.2586013604
1348,128.605483753
1349,123.986870109
1350,117.271049382
1351,105.231342135
1352,55.5456434551
1353,65.4256270918
1354,89.2301873967
1355,127.572688816
1356,120.073681566
1357,111.750085554
1358,137.86052773
1359,67.3980510772
1360,118.972166805
1361,107.480090891
1362,58.5735867005
1363,116.493317788
1364,76.0043664329
1365,109.724914652
1366,78.6728189152
1367,125.477991381
1368,78.2946764545
1369,128.789944976
1370,74.2510890424
1371,102.676336877
1372,112.817784101
1373,128.896172319
1374,116.175262227
1375,123.108537485
1376,84.5955569457
1377,61.5841259163
1378,120.052353986
1379,66.0869987272
1380,116.476703828
1381,111.674910316
1382,113.264989447
1383,71.9134206659
1384,124.005775867
1385,86.5689203521
1386,56.0154133736
1387,79.3924104965
1388,119.315228294
1389,66.0655093385
1390,98.5373153772
1391,94.3791847209
1392,86.8182965751
1393,129.468181547
1394,56.6036143833
1395,80.7278294121
1396,127.485797217
1397,78.9354799167
1398,69.1554256727
1399,72.2294621106
1400,25.7203877726
1401,56.2157344597
1402,122.52839588
1403,68.3962024272
1404,79.7937620326
1405,61.0918804755
1406,131.584639682
1407,101.611584174
1408,68.762187068
1409,121.486488388
1410,116.26773618
1411,129.634398864
1412,67.1561369981
1413,125.051639356
1414,67.4544525927
1415,115.570154602
1416,105.339738258
1417,80.1626876142
1418,131.347499748
1419,58.2147677259
1420,115.524960269
1421,122.064751714
1422,71.3826656873
1423,88.8811297528
1424,131.191499692
1425,65.1844669043
1426,102.19804975
1427,109.617974136
1428,96.8326204724
1429,103.708376562
1430,136.917096418
1431,134.482915263
1432,73.1819470058
1433,76.4427503067
1434,78.4294836689
1435,128.021940641
1436,110.871714567
1437,53.9110187575
1438,64.3429265278
1439,120.831612167
1440,117.556106745
1441,72.6965996271
1442,123.518744523
1443,126.585422285
1444,115.070764426
1445,100.218937439
1446,76.8048202468
1447,77.8620336672
1448,119.36266668
1449,62.3441847159
1450,133.069771873
1451,61.9960796978
1452,122.472138446
1453,113.384070602
1454,124.56760152
1455,95.3185564383
1456,61.9585199785
1457,70.9534562478
1458,122.652909632
1459,76.1941260708
1460,79.1188997263
1461,124.522825648
1462,123.140491767
1463,61.268081125
1464,67.9159318256
1465,122.74360001
1466,129.730579081
1467,122.216232896
1468,130.676578561
1469,67.3290490118
1470,63.8376769137
1471,123.399742147
1472,67.2681380777
1473,106.937316631
1474,93.6839032953
1475,105.42519209
1476,81.5021312747
1477,101.803935398
1478,125.290438055
1479,56.4656824174
1480,64.7349872922
1481,109.452900185
1482,121.159935692
1483,131.691443453
1484,128.457943616
1485,132.375344484
1486,74.962332736
1487,62.185834443
1488,114.734535969
1489,103.700360625
1490,118.831298359
1491,96.7696053487
1492,77.432366672
1493,91.5896075131
1494,57.4362673928
1495,128.328130198
1496,121.914406748
1497,98.7803946601
1498,112.631335376
1499,109.272784717
1500,70.6093361549
1501,118.351135227
1502,102.052775104
1503,61.9003416452
1504,80.7233529313
1505,125.914199894
1506,114.903648357
1507,55.5287949999
1508,62.5258022911
1509,114.917409102
1510,128.459922376
1511,116.250298459
1512,108.498631664
1513,65.3149655985
1514,115.056229016
1515,63.1617699441
1516,121.974314721
1517,76.7457757628
1518,74.2131220149
1519,121.039410487
1520,123.380857536
1521,65.086112119
1522,129.104520373
1523,113.840254257
1524,81.1036199838
1525,83.8289237247
1526,143.03495437
1527,108.844024488
1528,130.365063789
1529,112.357768057
1530,89.7638499918
1531,129.126032386
1532,123.383070018
1533,79.8869863758
1534,121.328642297
1535,129.164653214
1536,132.677398901
1537,68.5243475218
1538,116.498707023
1539,109.648269673
1540,111.776096548
1541,69.2399741386
1542,109.51075977
1543,134.052388094
1544,67.2158169942
1545,82.3086697681
1546,75.6659461658
1547,99.5176070098
1548,120.38047579
1549,78.307815424
1550,101.244888303
1551,108.013889138
1552,88.1338611128
1553,143.711249021
1554,88.9059876672
1555,101.360078019
1556,130.344654955
1557,104.139956592
1558,124.597474253
1559,67.6481237264
1560,72.7546449099
1561,102.61503356
1562,98.8844785268
1563,53.5911963765
1564,89.3744745561
1565,124.595441748
1566,92.5743124603
1567,88.1954078551
1568,99.4260610373
1569,97.4925029161
1570,118.835864155
1571,92.1722197005
1572,117.111398481
1573,97.2923592154
1574,91.4481675865
1575,90.5750531927
1576,92.2151299435
1577,81.6465021925
1578,88.12653573
1579,84.8159930926
1580,127.099276342
1581,123.899811138
1582,107.002679419
1583,127.833849929
1584,74.5153432545
1585,114.926826258
1586,63.9201100008
1587,117.616524616
1588,107.555128648
1589,50.6156609455
1590,60.5392502561
1591,89.0074540991
1592,124.956185992
1593,66.9620778536
1594,70.4751575764
1595,87.3457007343
1596,124.750204255
1597,124.485103548
1598,116.768548466
1599,63.5005781809
1600,83.1076564528
1601,70.8980323581
1602,98.4259800156
1603,88.6591158248
1604,84.0017486796
1605,103.532749603
1606,75.4492806384
1607,55.0925627473
1608,119.87211907
1609,130.373913884
1610,73.4681062486
1611,112.954646493
1612,74.3164368628
1613,112.241683599
1614,86.7997160267
1615,118.87287403
1616,61.0307435372
1617,109.135430036
1618,73.1780393091
1619,124.562805046
1620,120.453938049
1621,92.6833218944
1622,116.030480952
1623,82.7168730515
1624,88.9412060722
1625,86.6062257005
1626,76.9730057046
1627,101.101731415
1628,54.2470585744
1629,84.6450567343
1630,109.549115136
1631,63.6424197909
1632,64.9544770226
1633,78.5260322751
1634,125.165658699
1635,102.80275031
1636,51.5252869351
1637,123.625172383
1638,113.421059041
1639,133.004925293
1640,94.7762985376
1641,122.606876876
1642,89.411881915
1643,60.9801327935
1644,80.775063593
1645,77.5474748718
1646,73.2689860289
1647,146.347630235
1648,116.517169871
1649,95.7991817602
1650,114.272455663
1651,92.7996961375
1652,90.8014857324
1653,75.1526260923
1654,88.3404106287
1655,75.1791238844
1656,138.034317966
1657,86.2908116955
1658,128.391557517
1659,70.8149067759
1660,84.6232091284
1661,53.4740175725
1662,93.4642315045
1663,135.262047139
1664,94.0223381495
1665,67.6799280681
1666,105.224750534
1667,91.8599964124
1668,92.2459110692
1669,99.3835105984
1670,119.758976017
1671,131.215936857
1672,71.5406171678
1673,130.926655914
1674,127.00120747
1675,62.0408027086
1676,90.8094123809
1677,59.7240135529
1678,118.655069811
1679,107.137411569
1680,71.0467017351
1681,107.801690008
1682,92.4233398788
1683,137.441612242
1684,114.310278035
1685,67.6102429042
1686,104.918632421
1687,94.8135669545
1688,115.277310227
1689,118.534369143
1690,68.9623765376
1691,117.777380928
1692,133.70362969
1693,105.792080755
1694,123.589021471
1695,131.298453074
1696,116.744353913
1697,111.393521935
1698,89.4798615459
1699,91.8863993979
1700,80.6302419171
1701,123.277534869
1702,112.341073877
1703,86.9312925698
1704,120.232958789
1705,124.715971814
1706,75.8763048261
1707,102.72353273
1708,131.716206358
1709,54.115570176
1710,79.2497238418
1711,95.7846604904
1712,61.8189430746
1713,117.27076018
1714,76.5256145014
1715,115.114765906
1716,119.897211038
1717,78.5012543796
1718,77.8382446558
1719,126.214041664
1720,117.377973036
1721,99.418772081
1722,133.059262644
1723,57.137605738
1724,67.874170422
1725,136.516768958
1726,68.298880018
1727,92.9685046017
1728,70.4926093396
1729,120.142559161
1730,131.454911734
1731,113.795208032
1732,123.89522418
1733,99.6414696759
1734,114.014052857
1735,122.36273162
1736,110.811557633
1737,109.71319015
1738,70.3379998229
1739,118.808964573
1740,79.7828091727
1741,113.674429025
1742,73.7388658531
1743,100.281320234
1744,83.7372350126
1745,77.2778718499
1746,99.5471159525
1747,95.4879112972
1748,123.1240694
1749,111.858463664
1750,90.9642574961
1751,73.2613884232
1752,69.6705125806
1753,104.996029067
1754,69.1703401123
1755,45.7054926522
1756,117.399381316
1757,88.5876205131
1758,129.467047831
1759,109.934032271
1760,88.973095562
1761,63.368670542
1762,118.98616751
1763,109.107828536
1764,107.531505744
1765,57.9301242666
1766,70.435865208
1767,133.827796261
1768,123.004344337
1769,122.979958665
1770,90.20648688
1771,115.964054368
1772,89.1231273907
1773,69.8337107626
1774,118.881895417
1775,125.148604649
1776,112.874844672
1777,132.854519917
1778,56.130519404
1779,88.4463432403
1780,73.1931157757
1781,75.1863592912
1782,97.0911407833
1783,64.7769997605
1784,120.717666842
1785,46.1485987574
1786,87.9577576836
1787,69.7236928469
1788,88.5299795239
1789,119.396410707
1790,111.594925297
1791,126.342190547
1792,128.919660807
1793,104.384033998
1794,135.496715641
1795,88.2177478555
1796,122.611497307
1797,110.958232132
1798,86.831341962
1799,80.67384116
1800,152.337000532
1801,73.811354185
1802,126.573497543
1803,110.031894329
1804,103.974685404
1805,69.9049171222
1806,128.587874473
1807,122.000522236
1808,63.8247611218
1809,52.7834631986
1810,70.8765778884
1811,79.9705192496
1812,141.753017928
1813,129.140730896
1814,122.960826927
1815,83.6103486468
1816,121.28466771
1817,147.899937692
1818,66.5060610828
1819,79.9464776019
1820,127.260766647
1821,64.5988938806
1822,114.041992619
1823,123.24324981
1824,64.5026574619
1825,114.742918934
1826,129.084506587
1827,49.4980484079
1828,70.4703991479
1829,119.854627925
1830,143.256522205
1831,87.3419032979
1832,99.5464879543
1833,69.3271769714
1834,82.8204619555
1835,71.1706317022
1836,143.579274568
1837,120.658413592
1838,122.584145573
1839,118.406788188
1840,69.5221025587
1841,107.053981165
1842,57.3132675216
1843,83.9160770028
1844,127.48716547
1845,113.089460757
1846,96.039098227
1847,54.655784886
1848,136.157187763
1849,49.1993007629
1850,95.5524893513
1851,47.785016459
1852,125.868396754
1853,58.5922542297
1854,119.386696003
1855,133.188266005
1856,70.9799564404
1857,59.3269704941
1858,117.2413707
1859,61.2438620434
1860,87.5893530098
1861,117.498597551
1862,101.085357853
1863,131.264531103
1864,60.946488953
1865,72.3611494232
1866,109.416770003
1867,63.2017550006
1868,62.7054064591
1869,111.005463278
1870,121.094985327
1871,88.6142443251
1872,66.4646774605
1873,78.3914436379
1874,71.0136967922
1875,108.38562369
1876,98.2834727083
1877,64.4434385101
1878,104.816136199
1879,123.138055509
1880,67.6012006994
1881,135.21617276
1882,105.309499427
1883,61.087971597
1884,88.0957348038
1885,75.7979746032
1886,76.02773251
1887,78.8006007231
1888,56.8001946325
1889,55.1814326172
1890,68.6936269507
1891,64.6984251943
1892,125.464841477
1893,119.478803211
1894,126.11037462
1895,72.652438941
1896,59.9773104378
1897,140.092295755
1898,91.131187277
1899,117.811861325
1900,106.417734146
1901,82.440998992
1902,105.206494359
1903,127.675413675
1904,93.8488571441
1905,103.573683216
1906,100.13005551
1907,118.424566429
1908,99.8584871989
1909,87.7451368438
1910,106.012264867
1911,108.773220266
1912,42.8448259851
1913,60.05130578
1914,59.5950167271
1915,114.521003267
1916,122.68140195
1917,109.100308174
1918,120.12582111
1919,115.121100745
1920,105.965168912
1921,60.1241260231
1922,106.16030806
1923,78.4315889912
1924,70.3332776054
1925,112.269380192
1926,74.5309649234
1927,71.4438681376
1928,80.1509403034
1929,74.4934088775
1930,86.8283290884
1931,58.8926271584
1932,103.237682852
1933,134.770972647
1934,68.6665703425
1935,129.377406766
1936,125.336214503
1937,120.193904571
1938,110.880831325
1939,79.4940501376
1940,117.16902464
1941,95.4506729039
1942,43.1852550494
1943,130.142790181
1944,122.300644264
1945,121.204192588
1946,127.092564266
1947,114.019948228
1948,88.7435589925
1949,105.053337658
1950,58.4266622956
1951,114.591750605
1952,96.6103491791
1953,115.593800385
1954,121.497980995
1955,84.2068116196
1956,71.2660694588
1957,112.086492953
1958,57.2071938061
1959,108.75643651
1960,121.405393357
1961,75.3850879166
1962,112.130796247
1963,67.0804984425
1964,77.871203596
1965,120.991645031
1966,90.1145893876
1967,103.732842155
1968,124.084074794
1969,69.0915052609
1970,76.759442836
1971,58.3943104259
1972,103.635190083
1973,69.5389695566
1974,118.095462114
1975,127.017989263
1976,97.695951959
1977,69.9356322161
1978,118.447079625
1979,131.499575488
1980,127.522609848
1981,121.090969379
1982,91.5423692829
1983,126.504371391
1984,117.602185307
1985,84.2925109419
1986,118.668038465
1987,120.851614624
1988,101.261067827
1989,61.9592349232
1990,61.2564642318
1991,81.6644475537
1992,89.5365366195
1993,63.1838578948
1994,115.356605144
1995,74.4775902609
1996,84.2896681697
1997,77.8927544395
1998,91.4548562484
1999,134.976862297
2000,116.072115562
2001,58.250602712
2002,76.2500878506
2003,66.4401852161
2004,64.6621560816
2005,53.4838207784
2006,90.5464392744
2007,102.723059991
2008,118.605185838
2009,135.754074016
2010,133.48341847
2011,69.4202874265
2012,71.5610334008
2013,93.6186546058
2014,123.943284825
2015,64.0737555551
2016,75.1171567119
2017,65.5390743274
2018,68.989642222
2019,119.581692555
2020,74.8573277013
2021,126.918536383
2022,124.922502185
2023,101.753065404
2024,61.9328082467
2025,97.9996092602
2026,94.0760225206
2027,89.5323475339
2028,124.700390358
2029,65.5917180182
2030,128.846429565
2031,96.6982237315
2032,90.6810937738
2033,115.190373745
2034,86.3078360709
2035,89.8917069198
2036,89.9546150892
2037,135.791412374
2038,121.593800546
2039,64.6628447361
2040,93.2714137282
2041,66.1399919658
2042,116.925048711
2043,74.467654779
2044,120.3471296
2045,110.042603929
2046,98.8361010938
2047,96.934627905
2048,80.0717588238
2049,83.968830274
2050,127.480151819
2051,57.7829381518
2052,83.1904361123
2053,122.53566048
2054,107.020631652
2055,128.240630038
2056,106.918601556
2057,120.689514771
2058,92.8476731426
2059,72.1907702302
2060,71.6161846787
2061,90.448518117
2062,72.3131582463
2063,95.9402461999
2064,121.206167204
2065,117.395730181
2066,94.7331396767
2067,59.4585733253
2068,95.823470846
2069,80.7520312483
2070,106.666414285
2071,66.4148662143
2072,118.770897321
2073,81.9420778091
2074,100.819905419
2075,106.720433909
2076,113.341140982
2077,119.629593076
2078,88.4597689499
2079,97.8649448969
2080,89.6734595585
2081,122.654469509
2082,121.763830106
2083,117.577492362
2084,81.6957491143
2085,62.1266497269
2086,104.324428546
2087,111.551689595
2088,110.820040683
2089,83.7161083728
2090,112.982844072
2091,87.9427376773
2092,105.873776926
2093,70.0650663603
2094,59.4271972285
2095,56.8787684274
2096,96.1281069055
2097,105.443359016
2098,119.086909674
2099,102.528072383
2100,116.050523253
2101,130.389952298
2102,101.50004443
2103,66.1333533598
2104,75.3759869291
2105,99.0253275687
2106,134.71682821
2107,110.872732942
2108,99.2398265069
2109,66.5986464795
2110,103.222347661
2111,121.58788681
2112,131.930051577
2113,81.8190234145
2114,77.8983174951
2115,81.4554885237
2116,137.607904297
2117,143.211962254
2118,128.026515001
2119,127.104411218
2120,64.8001876037
2121,124.204406939
2122,79.9421558616
2123,110.480805788
2124,126.314163972
2125,63.3329970726
2126,118.486764317
2127,75.0029690404
2128,56.3921155667
2129,125.432020941
2130,72.5593017616
2131,63.9222193027
2132,123.277354065
2133,82.524175336
2134,71.9607747094
2135,64.1197021489
2136,132.879698545
2137,107.7971317
2138,117.755956629
2139,121.724356903
2140,123.761352738
2141,63.9047304438
2142,83.5265988667
2143,56.0621473952
2144,109.902928545
2145,89.0521915091
2146,74.3589860145
2147,62.4036630592
2148,127.30031033
2149,78.2744557566
2150,71.1848938954
2151,104.864014735
2152,63.7091044756
2153,86.4649862036
2154,78.7114672505
2155,104.631972888
2156,123.287430298
2157,117.914510502
2158,65.7528478362
2159,67.9647518253
2160,95.7729767737
2161,98.4242038877
2162,114.631557601
2163,87.7620057532
2164,76.9351258839
2165,64.7127694852
2166,86.2006667013
2167,111.481358621
2168,70.9944051522
2169,116.068267799
2170,121.588549028
2171,68.7637079781
2172,61.9834316702
2173,135.277283828
2174,119.0827312
2175,60.4955392753
2176,85.893822491
2177,95.9328974471
2178,109.020773317
2179,134.547892603
2180,57.6883459184
2181,71.4980759116
2182,65.7551175815
2183,115.667872226
2184,118.385827516
2185,113.816608494
2186,115.456648027
2187,79.0602424478
2188,66.9456212953
2189,144.267100005
2190,120.181462896
2191,126.473624718
2192,111.984473981
2193,61.3002727994
2194,55.3110255965
2195,123.896834514
2196,119.951771949
2197,126.571391096
2198,109.019815214
2199,113.633517501
2200,66.4787623876
2201,135.231523134
2202,62.54226673
2203,96.1648326132
2204,71.7836681096
2205,98.8256780619
2206,97.4574456939
2207,114.756502198
2208,101.885701805
2209,106.837118688
2210,104.157768736
2211,106.93239248
2212,59.7584739083
2213,72.2360855577
2214,117.77966664
2215,128.097635031
2216,65.4366896578
2217,86.2438136069
2218,113.567379071
2219,73.4673147429
2220,111.096635284
2221,67.7504057401
2222,73.1493216716
2223,58.4653327424
2224,89.1450055837
2225,69.5892791405
2226,118.235622161
2227,62.6458713824
2228,61.2885545299
2229,125.512260242
2230,99.7377186833
2231,74.0964438936
2232,121.663697948
2233,69.5038328473
2234,80.4778416693
2235,124.22571032
2236,90.5121532788
2237,81.2578804203
2238,109.553872827
2239,89.9983310732
2240,115.082441904
2241,127.665581698
2242,125.337343216
2243,133.012382921
2244,58.3395910168
2245,62.3226407734
2246,118.049471349
2247,128.138838637
2248,54.1716769789
2249,133.842435797
2250,76.2048929905
2251,64.2899279531
2252,118.302588652
2253,92.3614423245
2254,99.7569802322
2255,129.550945298
2256,89.4032421255
2257,117.061532758
2258,116.795005196
2259,94.4147395171
2260,111.595628014
2261,86.9268095325
2262,63.3811917569
2263,118.808844426
2264,123.419877775
2265,63.2490163918
2266,116.154923951
2267,86.6511253952
2268,71.4622715929
2269,123.160363246
2270,116.22194984
2271,92.9437967332
2272,124.392583937
2273,41.6105030968
2274,67.0436578686
2275,90.2277336908
2276,125.135799096
2277,124.034834089
2278,126.056866529
2279,106.852742819
2280,73.6954314899
2281,77.3033284684
2282,70.8557061104
2283,135.30014559
2284,113.93415507
2285,30.2990141664
2286,96.9441895283
2287,72.7638009312
2288,122.861778973
2289,97.1568157814
2290,129.234858988
2291,63.2992289246
2292,125.251571162
2293,105.879094646
2294,107.555363053
2295,99.9236036435
2296,70.0425981646
2297,94.6542142655
2298,122.226462358
2299,113.345088588
2300,72.8815159012
2301,80.2034093162
2302,95.3059811256
2303,88.7964189866
2304,82.604372569
2305,102.719993353
2306,115.152108717
2307,116.292984822
2308,106.652583938
2309,128.723075332
2310,92.6787998045
2311,123.683558662
2312,59.2441510617
2313,125.884590987
2314,63.7799791388
2315,128.924942032
2316,103.795887833
2317,96.6642799261
2318,84.3490406248
2319,117.086997226
2320,58.5355136446
2321,120.487891813
2322,86.2980582777
2323,134.992568977
2324,63.8117459949
2325,86.8332357853
2326,104.012204918
2327,146.987850117
2328,123.397288218
2329,146.410401041
2330,131.302833223
2331,64.8179678643
2332,98.1009438289
2333,125.950693001
2334,126.166911619
2335,71.4936006518
2336,43.8284345675
2337,89.9885902426
2338,130.051654212
2339,53.096874681
2340,109.319380769
2341,136.392540706
2342,55.2116684123
2343,56.3154184903
2344,61.6754719249
2345,77.1582281283
2346,130.489132789
2347,82.5634600563
2348,68.5085790026
2349,86.7672248758
2350,87.5993821943
2351,130.448652109
2352,58.9914794017
2353,70.6709526204
2354,111.636864053
2355,124.345946166
2356,62.8614972183
2357,129.904950276
2358,122.136786133
2359,126.861939564
2360,62.9975255563
2361,112.787990764
2362,82.96446262
2363,58.3961898901
2364,109.977764969
2365,122.420633349
2366,71.0591972488
2367,64.0928660865
2368,125.429748372
2369,110.379107175
2370,90.3712667643
2371,126.575617228
2372,124.164883114
2373,59.6662193036
2374,116.768425001
2375,71.0411381595
2376,127.34418839
2377,88.4616001901
2378,122.766030071
2379,118.774599638
2380,85.4575349624
2381,58.9033947275
2382,94.805590189
2383,121.879417472
2384,55.3258681498
2385,110.079077836
2386,57.2527853967
2387,100.805569833
2388,88.4041076382
2389,64.3936174023
2390,113.345436547
2391,98.8286412903
2392,122.89484635
2393,77.1238945196
2394,132.085208023
2395,81.8126918007
2396,71.5181085566
2397,71.7756831005
2398,85.5422359438
2399,92.0894367019
2400,98.1651083032
2401,86.704957294
2402,88.9214877208
2403,51.5740461697
2404,84.2294251054
2405,73.0410508792
2406,114.207138356
2407,106.080096807
2408,71.9274992649
2409,119.096521195
2410,120.960121359
2411,72.9387297464
2412,133.571403018
2413,115.690596488
2414,92.6425056289
2415,125.804480089
2416,85.9416346447
2417,118.557800324
2418,133.626951638
2419,111.748156934
2420,120.99389155
2421,81.0325110003
2422,115.728746206
2423,84.0827617977
2424,75.6934912798
2425,70.7975581714
2426,121.226673671
2427,74.9461254307
2428,151.163251877
2429,78.6040859768
2430,85.5564236906
2431,90.473887296
2432,114.557671382
2433,73.0980665111
2434,109.360606483
2435,69.07707864
2436,73.789701127
2437,116.498124553
2438,128.848156715
2439,121.743329452
2440,109.836563965
2441,113.992586978
2442,75.6019098702
2443,77.9205812969
2444,70.223446524
2445,105.02801089
2446,104.167261661
2447,133.998285647
2448,113.925157354
2449,110.652278379
2450,119.255671641
2451,112.834215204
2452,102.730370864
2453,55.8858423745
2454,106.975342394
2455,75.8318927572
2456,107.620351553
2457,125.263204448
2458,102.484291831
2459,127.969179832
2460,125.273483422
2461,82.5051756624
2462,132.243056847
2463,124.296797328
2464,122.125504544
2465,65.840380588
2466,74.664355912
2467,66.2192691502
2468,50.4005932024
2469,65.7865724492
2470,64.9007888696
2471,116.901353612
2472,60.7967651064
2473,95.0087506277
2474,119.635973957
2475,119.801299652
2476,122.232341752
2477,85.0130907935
2478,65.4352658095
2479,91.2887140478
2480,58.3449960417
2481,64.3492415913
2482,125.361104382
2483,92.5556073797
2484,114.212194263
2485,116.310967864
2486,69.4995659243
2487,88.7329460101
2488,88.2393957876
2489,135.134941519
2490,113.423050522
2491,75.3439470283
2492,95.7621345594
2493,130.444996066
2494,113.161057926
2495,79.0314803278
2496,68.4786762686
2497,120.076840437
2498,63.7941698215
2499,62.9419580781
2500,54.5333777902
2501,64.2697696946
2502,79.7108161271
2503,112.78139673
2504,123.218461612
2505,46.6351622358
2506,122.002453965
2507,100.716102526
2508,68.367951522
2509,95.7153161779
2510,39.7217351509
2511,76.6199471141
2512,61.5650816169
2513,128.605172339
2514,126.435468433
2515,70.3100244631
2516,101.235931897
2517,62.3660050627
2518,72.1251091836
2519,144.347659832
2520,70.5862927591
2521,89.0393757279
2522,129.769357927
2523,122.859725508
2524,129.751082087
2525,85.4323950915
2526,58.2662193594
2527,134.699413397
2528,130.926567019
2529,134.729711856
2530,95.9561952323
2531,117.244362889
2532,100.534719662
2533,91.6759052406
2534,89.8914303091
2535,87.1114892333
2536,50.4609148089
2537,98.8923579965
2538,118.800401639
2539,132.270086226
2540,125.566991845
2541,68.6012657685
2542,125.258875379
2543,59.7978490442
2544,128.390424173
2545,126.560121657
2546,107.195473147
2547,76.9461406924
2548,108.65461108
2549,125.066568145
2550,57.2683852575
2551,86.9795095461
2552,97.6268995036
2553,105.763650507
2554,59.5041215811
2555,92.3976828142
2556,74.5041233952
2557,78.95108778
2558,90.0451400963
2559,126.61748131
2560,99.5987356632
2561,66.0017301809
2562,103.82586812
2563,113.447129651
2564,73.5830676567
2565,71.2943164667
2566,84.6230022091
2567,77.3566397249
2568,135.447319495
2569,124.028243579
2570,119.108386308
2571,107.186967414
2572,145.155255974
2573,108.997992843
2574,86.3097564246
2575,135.587965599
2576,134.346697733
2577,94.7687669315
2578,120.988688419
2579,55.8004482063
2580,119.746082702
2581,110.971764933
2582,110.453558855
2583,74.0620079007
2584,105.574985992
2585,108.196275317
2586,127.807005602
2587,120.021987462
2588,89.2254574016
2589,89.1597729352
2590,93.5744006256
2591,125.373357728
2592,112.852034697
2593,89.7557052273
2594,115.236813997
2595,65.5620994536
2596,105.008607187
2597,94.3645586268
2598,123.325882968
2599,140.295747797
2600,92.4114720144
2601,100.969991736
2602,72.7928210311
2603,129.547212135
2604,63.481570981
2605,84.5335983445
2606,128.918919956
2607,72.9994741521
2608,73.2562348629
2609,101.249957605
2610,124.39027189
2611,124.024718491
2612,58.6034088585
2613,126.050444539
2614,118.268135872
2615,72.2572042085
2616,114.582848771
2617,67.452933879
2618,89.0170250088
2619,145.084699348
2620,66.0277103723
2621,87.897199965
2622,74.2978629948
2623,108.034391065
2624,96.9334063033
2625,88.1917089104
2626,61.0481998775
2627,62.4758671204
2628,107.726729543
2629,70.8082581423
2630,104.293492489
2631,82.4346885816
2632,97.4867689009
2633,59.3666023396
2634,72.8028320276
2635,127.37122776
2636,76.3364456549
2637,120.016759155
2638,87.5499274538
2639,68.3666297221
2640,132.527773404
2641,107.417341932
2642,68.0438350703
2643,93.4449354227
2644,72.1582889272
2645,128.338994909
2646,92.7418736949
2647,89.8824683461
2648,121.805431403
2649,71.9107670551
2650,67.3346209065
2651,113.361015354
2652,85.9782220882
2653,123.717631995
2654,125.055111992
2655,111.592498801
2656,119.23902789
2657,105.490181015
2658,92.072460202
2659,127.093577317
2660,73.3675526639
2661,74.3070205395
2662,54.0200898555
2663,86.7401758728
2664,112.011943251
2665,97.2195066258
2666,78.4922656278
2667,82.9933869236
2668,120.464097892
2669,116.472148062
2670,87.2656871308
2671,120.103279334
2672,70.2233415288
2673,119.968656341
2674,77.2969345382
2675,120.903657037
2676,67.7179913266
2677,131.668980357
2678,55.0632825377
2679,73.1531892485
2680,66.6279756113
2681,43.3059559173
2682,99.0357886873
2683,91.4317544559
2684,65.6658082853
2685,115.730931542
2686,134.004308693
2687,95.3068125487
2688,98.9457412427
2689,60.741815871
2690,117.131549335
2691,65.7773007944
2692,78.5833717395
2693,125.566799278
2694,140.564565632
2695,127.474366355
2696,68.2677102834
2697,72.1491895621
2698,137.271398254
2699,80.7658113033
2700,45.6880139178
2701,110.540786579
2702,93.4046416623
2703,116.652009624
2704,125.94370281
2705,75.295305092
2706,69.4620320001
2707,90.7005741173
2708,138.759261869
2709,96.6619956895
2710,123.436964746
2711,132.951058331
2712,69.5438267784
2713,98.3548778433
2714,131.964758055
2715,115.116076069
2716,131.583022187
2717,87.7017774897
2718,124.562693759
2719,105.410649148
2720,58.4629030434
2721,61.7864919386
2722,122.764432578
2723,124.330261154
2724,111.784851161
2725,101.82041669
2726,93.4828131555
2727,70.3805897159
2728,82.8271338241
2729,131.763518295
2730,113.439382883
2731,107.145097321
2732,124.793387176
2733,69.0784154632
2734,77.6469828465
2735,106.5979462
2736,125.373238967
2737,104.771503329
2738,71.1624843753
2739,78.691992398
2740,82.1508481587
2741,116.273694799
2742,120.937826868
2743,133.57241676
2744,89.9162428365
2745,154.323010615
2746,125.252631825
2747,124.22430265
2748,127.316466106
2749,84.0482706066
2750,122.500181636
2751,103.204709175
2752,128.589385956
2753,114.277689525
2754,54.0419913444
2755,92.102594381
2756,118.643292725
2757,67.5453519412
2758,95.1688806473
2759,121.546788211
2760,111.703642544
2761,123.759148405
2762,72.5803081607
2763,68.1577354981
2764,87.2054013898
2765,95.5721149384
2766,50.6978120884
2767,57.3405550025
2768,109.548712422
2769,103.115534795
2770,92.3978465404
2771,104.358165193
2772,111.098269202
2773,77.4713489188
2774,135.512471427
2775,103.78477013
2776,110.526990479
2777,77.0744364189
2778,103.592212668
2779,116.556329367
2780,128.363858493
2781,52.0607877267
2782,73.5905392007
2783,124.084790108
2784,85.7523830201
2785,73.1451902759
2786,72.906427947
2787,69.030580485
2788,111.32151601
2789,106.918394042
2790,123.534074345
2791,81.4297135017
2792,120.021607649
2793,123.557600108
2794,122.109551969
2795,120.956916952
2796,133.325701926
2797,100.325770446
2798,84.9307483951
2799,70.7234819036
2800,81.9759127588
2801,124.774912147
2802,112.095768475
2803,121.494636991
2804,116.837219749
2805,104.312124539
2806,74.8660551399
2807,102.950562035
2808,126.421024626
2809,105.24310763
2810,111.891034831
2811,57.6967029046
2812,130.227113914
2813,92.7561320233
2814,74.9208141083
2815,129.242211357
2816,97.0873429679
2817,76.1971209624
2818,68.1122798227
2819,75.9138457339
2820,106.032138845
2821,75.1230270037
2822,99.1953771147
2823,75.306559144
2824,131.840861645
2825,128.198277946
2826,56.1853947791
2827,99.1741500711
2828,80.2524468153
2829,127.130995156
2830,97.7589700556
2831,105.188315062
2832,64.2907148205
2833,106.786140785
2834,69.0309069275
2835,109.348056468
2836,79.9428126573
2837,72.2925070998
2838,120.118851624
2839,56.0889017943
2840,80.0444142286
2841,124.328129807
2842,103.562793646
2843,73.4629478295
2844,57.156046411
2845,155.121143979
2846,117.828379815
2847,93.0576382647
2848,127.159148767
2849,129.261114846
2850,72.1326789231
2851,93.9271490795
2852,109.125374106
2853,133.918841609
2854,59.4600517148
2855,66.4662938601
2856,64.3472798091
2857,82.923796132
2858,81.3841904809
2859,72.2157133473
2860,107.573393449
2861,126.033773529
2862,102.912558218
2863,125.348977216
2864,87.1525682209
2865,122.162987038
2866,68.950310075
2867,79.9859086608
2868,72.4327284277
2869,119.706081323
2870,100.242526419
2871,94.7310735163
2872,61.7037179398
2873,57.7286072448
2874,82.2260397248
2875,125.098382339
2876,75.4178846253
2877,54.1500231347
2878,71.8303549916
2879,102.49807533
2880,98.5572987309
2881,111.09702453
2882,22.6129772343
2883,66.0932521949
2884,138.705678686
2885,57.4523123576
2886,119.995798557
2887,50.2683559304
2888,131.741410504
2889,109.039612185
2890,78.6889457241
2891,118.035748962
2892,134.841419511
2893,68.9076015742
2894,80.3081440904
2895,78.047368287
2896,105.510066409
2897,97.1195380375
2898,82.1440558203
2899,123.390098403
2900,71.5550548099
2901,86.7834042567
2902,90.4520645845
2903,86.564924007
2904,94.1849692518
2905,111.387489448
2906,90.9304167928
2907,68.5057388834
2908,120.795347127
2909,89.0735424884
2910,124.043303327
2911,124.860929429
2912,124.733992741
2913,107.937382674
2914,124.783405553
2915,121.334553742
2916,46.604995193
2917,59.2548417564
2918,71.75581471
2919,64.8309350818
2920,125.623126676
2921,113.574674224
2922,79.8235994797
2923,129.853721509
2924,65.5529127159
2925,124.850874192
2926,133.435854554
2927,118.632836777
2928,100.837152186
2929,65.5180817463
2930,76.1486471631
2931,70.8095215654
2932,89.0359206296
2933,70.8413280573
2934,129.141576188
2935,104.77800938
2936,113.703347793
2937,123.068986385
2938,74.5534206582
2939,119.83712972
2940,60.3444968194
2941,116.994208906
2942,59.6692506615
2943,122.055299276
2944,115.06549472
2945,86.2098425783
2946,77.0883452229
2947,107.881551611
2948,62.7690033561
2949,107.193769363
2950,140.267814129
2951,71.9367545755
2952,120.492552406
2953,88.4245768517
2954,111.229148589
2955,112.597973086
2956,87.4944802063
2957,120.082132692
2958,64.4505688415
2959,103.223290039
2960,130.959909694
2961,93.7774333535
2962,62.7144360617
2963,130.677427523
2964,124.275092596
2965,68.7179663378
2966,106.664482092
2967,77.9676824851
2968,124.746103422
2969,71.8243242181
2970,129.462412521
2971,58.99530471
2972,106.511841132
2973,82.8754776366
2974,93.8214252668
2975,67.5516839195
2976,127.008076079
2977,122.629052862
2978,107.667538309
2979,88.9471516782
2980,117.93299466
2981,63.9685830085
2982,121.689912414
2983,116.709189735
2984,107.732302169
2985,64.6393422483
2986,108.656711094
2987,122.119206925
2988,121.091347838
2989,111.273985152
2990,125.475134532
2991,99.1471437862
2992,116.443493484
2993,63.427120369
2994,61.3745639994
2995,68.4113130041
2996,66.727089455
2997,134.334914435
2998,99.8363719692
2999,65.7078532438
3000,118.152033292
3001,131.662037785
3002,125.277867743
3003,75.2011120304
3004,113.129441292
3005,124.231201023
3006,92.989236091
3007,78.2559732721
3008,53.8351038021
3009,129.49143596
3010,63.7585626526
3011,85.65900711
3012,82.0499646278
3013,69.4467045175
3014,86.0849715408
3015,129.385407702
3016,104.884120793
3017,127.685725041
3018,120.344790771
3019,120.208695446
3020,130.444003227
3021,113.586439197
3022,85.8855204303
3023,68.4290995946
3024,86.1596671715
3025,64.1517867183
3026,63.3167902678
3027,116.326231351
3028,132.043793065
3029,146.104984367
3030,116.044654505
3031,108.129386277
3032,130.244095131
3033,91.4334300189
3034,117.56407169
3035,86.3949305503
3036,75.3319515205
3037,71.3845105661
3038,127.846655341
3039,80.6510947328
3040,50.0697304369
3041,72.7020304339
3042,112.174468087
3043,94.0256785816
3044,121.181599321
3045,127.665679413
3046,61.1082204173
3047,106.634341112
3048,74.796250265
3049,119.349000011
3050,83.4051707553
3051,79.1934527238
3052,73.6743017254
3053,90.9929751263
3054,87.0689361163
3055,95.9076936075
3056,100.900262395
3057,68.6213234968
3058,114.86108606
3059,55.8925549171
3060,117.399815563
3061,114.33845499
3062,120.985005095
3063,130.294042275
3064,111.029615611
3065,137.284374829
3066,109.077515892
3067,74.6348787804
3068,124.102845678
3069,104.804464969
3070,115.250954674
3071,56.6963910558
3072,92.9170195283
3073,63.0774998174
3074,87.3548965587
3075,130.328564989
3076,82.208622349
3077,127.598123764
3078,93.8656218688
3079,111.12772383
3080,100.74471314
3081,105.087271107
3082,63.4618231229
3083,152.714052939
3084,118.069168812
3085,124.827247269
3086,76.5617207673
3087,108.375094795
3088,66.7475252027
3089,133.82605661
3090,131.874786322
3091,101.351129685
3092,106.060929228
3093,131.092844506
3094,112.254772955
3095,113.624558148
3096,74.1163580563
3097,137.905432642
3098,73.1108647936
3099,96.8767812181
3100,104.456498062
3101,121.457212714
3102,127.08672295
3103,115.94885446
3104,92.7100167112
3105,74.2645859949
3106,47.7050173558
3107,114.06176592
3108,114.044643701
3109,117.111798124
3110,134.034204589
3111,114.483151824
3112,90.567673504
3113,114.10269581
3114,100.65031581
3115,69.7099011169
3116,114.144852156
3117,116.341703049
3118,128.493705704
3119,65.9331502946
3120,51.9347101102
3121,136.333916443
3122,141.238659761
3123,73.6049444316
3124,77.7443187813
3125,109.72713058
3126,63.5506595673
3127,110.271372597
3128,72.3113920016
3129,81.3370478971
3130,59.8796233849
3131,131.035123621
3132,131.577302371
3133,66.6239052493
3134,124.765576946
3135,124.224880469
3136,152.36402947
3137,91.8480571939
3138,125.673326456
3139,59.381594637
3140,71.2430430978
3141,120.954568584
3142,112.029866661
3143,89.3318348627
3144,81.0450151015
3145,79.0865582353
3146,51.2636511429
3147,100.72874811
3148,119.866810322
3149,66.8463789262
3150,63.528704602
3151,126.61907823
3152,97.2142726133
3153,98.2111538572
3154,118.024703303
3155,113.030344207
3156,70.984849324
3157,69.5856405037
3158,89.353838394
3159,58.817825714
3160,117.656824139
3161,61.9338188029
3162,121.191567357
3163,96.4462157859
3164,59.7942810811
3165,115.272261913
3166,72.3572413341
3167,114.388402908
3168,57.3377799112
3169,140.681020922
3170,79.4931542309
3171,78.2425332252
3172,118.608615918
3173,94.2617949662
3174,61.7622926185
3175,94.0478669539
3176,98.8743162254
3177,97.044914417
3178,78.9198605508
3179,72.7823031253
3180,114.968288105
3181,65.5828887744
3182,108.513735671
3183,112.719249031
3184,96.2429793756
3185,132.727335332
3186,118.448380173
3187,61.3869420349
3188,64.8376281848
3189,55.2245837474
3190,81.991731053
3191,110.267097517
3192,111.280019945
3193,120.406926093
3194,76.9516368608
3195,136.217502795
3196,101.546367581
3197,62.8489910921
3198,125.810737193
3199,95.209842656
3200,94.6787411582
3201,126.271852341
3202,93.6630651063
3203,122.342907914
3204,58.3535938099
3205,117.546734959
3206,81.5738218908
3207,73.7670187095
3208,104.025960707
3209,57.3793888095
3210,81.8355548027
3211,90.1618986614
3212,72.0056695846
3213,115.464505445
3214,119.389577433
3215,61.1256872171
3216,78.4873882644
3217,73.7437889035
3218,101.998829469
3219,114.113557467
3220,97.4916567359
3221,69.0593049615
3222,96.837646638
3223,98.3628146813
3224,112.501222775
3225,117.493864094
3226,41.8411932953
3227,72.3927546959
3228,74.5174484189
3229,72.3457078288
3230,126.19168102
3231,126.262055411
3232,65.7382705595
3233,123.747921544
3234,126.870555383
3235,100.14515627
3236,81.0040187711
3237,101.658928548
3238,126.524862345
3239,53.3272325972
3240,87.1267309252
3241,117.727953074
3242,70.6143926218
3243,89.508708419
3244,55.4201312801
3245,102.005970807
3246,65.2681145188
3247,69.6744579859
3248,126.955542642
3249,126.092881659
3250,80.3130742199
3251,91.7705615924
3252,92.8762165009
3253,118.989280036
3254,109.642734205
3255,123.963618956
3256,129.839669662
3257,60.8791013338
3258,80.3984253331
3259,60.1873402322
3260,128.578033226
3261,78.2118328897
3262,126.119472643
3263,101.084990732
3264,127.737089993
3265,82.1947664257
3266,89.8255926717
3267,54.2963987653
3268,123.58164355
3269,114.327787976
3270,79.4916474633
3271,118.257700755
3272,69.5954858297
3273,129.809589528
3274,116.165446243
3275,69.1584859679
3276,59.93772614
3277,75.7774534957
3278,78.9274974949
3279,123.652098779
3280,124.502300415
3281,85.457163915
3282,71.4866171434
3283,69.4763381343
3284,142.289429465
3285,84.7068622717
3286,109.646505529
3287,115.56559363
3288,77.3175995403
3289,125.551839371
3290,99.1845754167
3291,66.3253308017
3292,122.247972972
3293,124.248773611
3294,60.3408511794
3295,132.275524969
3296,104.504095605
3297,66.0386136462
3298,110.715893196
3299,115.380782973
3300,140.764848531
3301,108.239608829
3302,96.8547190285
3303,92.9298846752
3304,61.122561792
3305,64.6117419021
3306,56.3821929597
3307,102.638131544
3308,77.0780508877
3309,111.845096063
3310,113.908018478
3311,82.4942681878
3312,150.949842574
3313,64.43704505
3314,83.2121263404
3315,116.855204516
3316,83.0131949305
3317,88.7984873117
3318,106.225272314
3319,95.8670704741
3320,101.338214877
3321,57.2301061472
3322,58.7169639462
3323,101.95185561
3324,136.813544427
3325,124.592801701
3326,96.1131287296
3327,113.423362171
3328,108.52702765
3329,96.8289100843
3330,130.074873735
3331,78.2116458089
3332,93.9494483359
3333,133.429738247
3334,90.5271390798
3335,50.6290874245
3336,123.692470615
3337,110.50697733
3338,125.368909743
3339,83.4551760261
3340,71.137828693
3341,127.915057815
3342,129.248099406
3343,76.0583084505
3344,74.6695976606
3345,123.944547333
3346,60.815778246
3347,68.953838598
3348,82.1985340971
3349,70.4701997261
3350,74.7277285537
3351,63.8786290438
3352,58.5677703558
3353,122.959270749
3354,82.072305982
3355,127.819829362
3356,114.140468741
3357,50.0943708018
3358,80.0724913987
3359,128.442624603
3360,57.9932207146
3361,125.585389097
3362,87.9868330408
3363,81.9799096407
3364,113.148348377
3365,130.115022603
3366,124.092089333
3367,125.143207921
3368,67.9600105537
3369,125.540371621
3370,112.694925176
3371,123.904602691
3372,84.146927563
3373,125.725850966
3374,126.911184859
3375,130.230363698
3376,124.79449071
3377,115.845311511
3378,73.9102830467
3379,103.50202606
3380,65.6758720427
3381,74.9876339777
3382,94.9722144566
3383,57.7228248841
3384,64.0754276519
3385,134.60395996
3386,77.0118345648
3387,62.6545538511
3388,123.898262777
3389,105.506657608
3390,122.803919225
3391,89.7616435484
3392,118.003567156
3393,127.292473241
3394,83.2737794487
3395,120.736946675
3396,129.16401382
3397,126.531731127
3398,90.7070637907
3399,103.599668668
3400,125.382303347
3401,118.909347789
3402,120.617090372
3403,120.151103473
3404,132.377797756
3405,62.8824116286
3406,118.39805139
3407,86.539516212
3408,82.9079555269
3409,120.910537361
3410,123.001434665
3411,123.371024886
3412,126.543438505
3413,122.495786547
3414,108.177172959
3415,111.357384119
3416,125.204041628
3417,135.930525001
3418,118.97087375
3419,71.9518032435
3420,95.0530352987
3421,112.67409793
3422,107.636211408
3423,95.0865654532
3424,86.2979077329
3425,68.793040747
3426,122.303716536
3427,63.0471534403
3428,132.606547669
3429,70.9081655705
3430,128.09701045
3431,134.009045223
3432,137.328897256
3433,119.639655375
3434,56.3994535115
3435,68.0772529943
3436,76.543643248
3437,73.4080781207
3438,57.0584739802
3439,99.1031607736
3440,130.640575561
3441,85.8096396846
3442,67.0796409651
3443,57.0188103241
3444,132.612159609
3445,119.458321003
3446,98.5760210323
3447,59.1607235847
3448,94.6238177834
3449,62.6237052815
3450,147.077049827
3451,93.0435900484
3452,66.5937162972
3453,130.535727684
3454,129.888170073
3455,115.656946108
3456,111.612124621
3457,97.7982259819
3458,125.073086031
3459,133.912663248
3460,134.28356317
3461,64.3997725412
3462,121.889885643
3463,123.65516155
3464,126.685090375
3465,118.952493344
3466,105.146325922
3467,82.7067967881
3468,126.781653417
3469,61.3012169075
3470,63.9824299978
3471,133.258975318
3472,51.8399650394
3473,123.639801649
3474,107.357045042
3475,71.397499844
3476,96.7731448003
3477,56.2851478278
3478,100.800257171
3479,125.934456129
3480,85.6087435535
3481,121.624163604
3482,68.806103474
3483,63.4745765162
3484,124.666477865
3485,145.746575663
3486,59.3526091393
3487,77.5104354534
3488,68.8194258668
3489,78.4733130796
3490,102.676721449
3491,66.8179860589
3492,118.919411971
3493,100.01331404
3494,93.790800761
3495,111.751534717
3496,69.8014253466
3497,117.195244019
3498,69.6134616723
3499,59.2161350753
3500,127.865979526
3501,130.024480335
3502,123.190512685
3503,130.740569803
3504,90.8140346875
3505,54.6483076153
3506,59.5764932655
3507,50.6859409878
3508,83.8245532862
3509,62.4203836153
3510,104.899982625
3511,73.543477909
3512,80.37142028
3513,59.0179747739
3514,84.4003675227
3515,103.115411881
3516,54.7450235376
3517,130.952529998
3518,64.3445029243
3519,118.258157812
3520,82.0906401035
3521,60.9699884425
3522,106.508033628
3523,129.628946813
3524,124.183755451
3525,130.029326468
3526,74.5890782496
3527,119.702503668
3528,85.0329998485
3529,42.4831684457
3530,97.3213619121
3531,68.2676746753
3532,62.3495550471
3533,117.147576816
3534,53.5776936266
3535,121.959279495
3536,118.923133723
3537,123.541083202
3538,95.6848429116
3539,77.0170929132
3540,101.376826793
3541,127.269025799
3542,91.6957666677
3543,63.8499915033
3544,114.037412721
3545,115.985513931
3546,59.0026667114
3547,112.099805043
3548,71.3339413378
3549,115.343875527
3550,105.33744329
3551,123.646223279
3552,124.451904773
3553,68.3098154204
3554,64.244537217
3555,100.299565488
3556,104.971488891
3557,72.7004290412
3558,117.92202249
3559,65.0604860134
3560,77.1098829427
3561,84.0821836782
3562,64.1761272214
3563,56.2556993628
3564,142.050241513
3565,65.8195548534
3566,70.429269149
3567,71.2763005017
3568,75.8510597291
3569,113.597737029
3570,103.361184881
3571,120.09231418
3572,65.0513665074
3573,110.145848776
3574,95.9126247476
3575,107.36549156
3576,122.972038106
3577,69.3388792498
3578,53.8184751453
3579,49.8298942478
3580,68.511683675
3581,108.593356731
3582,69.8704577186
3583,76.0252975473
3584,81.8413078353
3585,69.3358612793
3586,120.676253323
3587,108.265578095
3588,62.4458468991
3589,58.4894371688
3590,77.1250376759
3591,115.750884469
3592,62.2162417989
3593,125.168176534
3594,117.857000242
3595,134.82443163
3596,141.126978019
3597,148.244796765
3598,112.129669675
3599,65.2584826721
3600,72.142274245
3601,114.995280005
3602,104.555617502
3603,61.6095620158
3604,143.243605422
3605,134.459405036
3606,61.2421669843
3607,119.181204839
3608,128.354892084
3609,119.330932673
3610,99.8518234969
3611,60.0951752724
3612,133.414293659
3613,102.401625399
3614,51.4881365865
3615,103.681820881
3616,119.80651467
3617,54.5227929414
3618,66.5439279306
3619,69.0145422319
3620,124.703934885
3621,118.678764636
3622,109.487810953
3623,110.478742679
3624,111.058515289
3625,61.4983614207
3626,116.489405014
3627,133.453702016
3628,123.912557682
3629,133.515978402
3630,73.3323842959
3631,115.095157153
3632,127.493767048
3633,111.72669553
3634,128.48750242
3635,116.432963452
3636,98.0496040011
3637,129.783912313
3638,126.560164828
3639,126.004728159
3640,104.774879669
3641,85.6837225228
3642,66.6181838664
3643,117.701130706
3644,106.187375096
3645,103.183423191
3646,116.960948409
3647,69.3352380432
3648,117.478085069
3649,114.034105102
3650,89.1614947134
3651,151.580638078
3652,104.043430894
3653,64.3221195089
3654,119.419981683
3655,64.0407416357
3656,95.6429985982
3657,65.7987322021
3658,115.310457145
3659,103.556290801
3660,124.503826143
3661,72.9049793736
3662,114.696378981
3663,117.7138178
3664,121.216135991
3665,89.5830638453
3666,104.568038435
3667,121.192576889
3668,74.4176051703
3669,107.828795775
3670,129.064526094
3671,110.307178703
3672,112.388384113
3673,103.636811351
3674,87.2870555078
3675,111.111825786
3676,126.710025247
3677,74.0488839079
3678,132.638608187
3679,104.274504164
3680,116.48479645
3681,58.351836326
3682,106.089446224
3683,77.923764503
3684,113.752045774
3685,47.368137469
3686,106.711160881
3687,75.3845622369
3688,76.3006232269
3689,134.563420124
3690,61.24148866
3691,94.0380813052
3692,100.761677592
3693,119.005653192
3694,117.099590946
3695,118.696333276
3696,97.703924167
3697,60.3526489303
3698,119.239271154
3699,126.396364698
3700,67.9986737555
3701,63.8211059821
3702,98.5393853206
3703,128.29284337
3704,64.3145827609
3705,72.7999776886
3706,63.8951826601
3707,86.4316314479
3708,109.670566108
3709,62.5643096963
3710,118.205280687
3711,52.265980623
3712,118.937475567
3713,124.356995233
3714,67.6012376582
3715,71.7826883177
3716,59.4991903832
3717,75.0226854279
3718,66.5819255264
3719,90.9166177148
3720,105.925248405
3721,123.786256258
3722,127.547906928
3723,66.1723136418
3724,74.109040526
3725,106.723627152
3726,43.9560177958
3727,100.263657989
3728,78.6545195672
3729,96.4659475324
3730,68.2000599706
3731,119.549354719
3732,71.0580440943
3733,121.978959886
3734,122.602561286
3735,57.5045182932
3736,119.099509141
3737,99.0063631573
3738,87.6237237326
3739,64.9447314749
3740,72.1424991398
3741,70.0587660056
3742,98.3180921138
3743,71.5629068325
3744,80.4302528666
3745,62.5119606808
3746,89.0381773475
3747,115.67702188
3748,123.276573476
3749,103.056549918
3750,96.6220186103
3751,63.8888491338
3752,109.562336722
3753,123.630867326
3754,64.3311589105
3755,93.4313228443
3756,119.985710014
3757,98.7558077851
3758,109.063207803
3759,60.7468796155
3760,96.4406481983
3761,78.8547738845
3762,58.3654563292
3763,123.734949412
3764,71.6939256566
3765,59.7804934531
3766,54.2799112378
3767,86.0559543175
3768,124.139389556
3769,65.8103694016
3770,57.3659092396
3771,75.1744430344
3772,70.6886705619
3773,69.1601224762
3774,109.042074889
3775,108.236108001
3776,148.040235454
3777,27.5055394421
3778,99.5954584669
3779,130.184630058
3780,72.1551023226
3781,131.372485945
3782,132.655566316
3783,118.516554638
3784,91.8357812394
3785,112.9587258
3786,116.114674362
3787,108.023889192
3788,71.8190882732
3789,117.651853086
3790,84.1959123603
3791,85.8589357569
3792,122.965308511
3793,60.4192923931
3794,109.254600883
3795,40.0016488213
3796,118.736030969
3797,72.850532009
3798,109.10826833
3799,113.857484671
3800,103.764710984
3801,88.4267254128
3802,109.592441209
3803,122.525881668
3804,72.3914799054
3805,72.0325459666
3806,72.9069581152
3807,87.7678176573
3808,119.228304807
3809,122.393649433
3810,83.8173780714
3811,119.901412721
3812,116.074906413
3813,126.875031716
3814,119.751650281
3815,53.298099004
3816,133.66694892
3817,125.518788413
3818,125.294513646
3819,124.148863456
3820,65.0447565806
3821,62.3495794666
3822,61.526780935
3823,91.0315005221
3824,84.3858370049
3825,128.426045584
3826,124.901984136
3827,63.7487267445
3828,120.185260193
3829,129.599631158
3830,104.002710861
3831,68.3937485015
3832,141.724532132
3833,88.2157733849
3834,112.941557871
3835,64.6283637447
3836,113.210871377
3837,68.9055048494
3838,127.841718227
3839,68.4054077181
3840,121.0464068
3841,115.828952336
3842,56.0714625223
3843,119.824314709
3844,130.126908301
3845,74.9713626029
3846,102.649483796
3847,119.710629483
3848,77.541412116
3849,121.839000165
3850,123.688749111
3851,101.345660329
3852,114.935963138
3853,106.469563704
3854,115.427561811
3855,129.208105538
3856,65.0049272451
3857,64.6540763178
3858,113.535061719
3859,129.180274301
3860,103.647666767
3861,85.796756157
3862,111.184887497
3863,67.9165603781
3864,71.0970251444
3865,118.830642026
3866,90.4684703158
3867,55.077782307
3868,80.2241816563
3869,92.3367825459
3870,125.386351318
3871,124.764881817
3872,76.53134378
3873,112.550218483
3874,118.191407123
3875,112.742325384
3876,120.015888034
3877,97.1606309916
3878,110.81651249
3879,97.4243055645
3880,64.8509799941
3881,80.9439560939
3882,144.725759543
3883,61.8510850377
3884,111.956246014
3885,52.0052225718
3886,125.759428232
3887,132.42057368
3888,81.9980879589
3889,123.206503232
3890,104.637511694
3891,87.1502711002
3892,119.927999124
3893,125.907685281
3894,55.7103015061
3895,80.319655643
3896,139.306093076
3897,66.8090925312
3898,127.29635767
3899,107.575984138
3900,107.046037022
3901,61.92805674
3902,76.9280581463
3903,103.385280165
3904,86.9060861747
3905,121.993258645
3906,130.517393026
3907,145.576659365
3908,132.254561371
3909,73.6759781426
3910,105.718815529
3911,72.1126470753
3912,117.677855139
3913,110.318665362
3914,62.1453645106
3915,84.0455795037
3916,56.7867281008
3917,101.837960126
3918,105.768590052
3919,107.990423702
3920,64.0959901129
3921,57.0513538948
3922,67.0262556646
3923,92.652599615
3924,91.1273709853
3925,109.425801352
3926,86.6317779758
3927,98.3900656207
3928,90.4429294234
3929,101.193395175
3930,133.065410175
3931,124.887891597
3932,64.3085065944
3933,105.164679447
3934,123.062235895
3935,61.0194061598
3936,86.2051047872
3937,93.514188997
3938,118.661958098
3939,87.6807197902
3940,98.8275696187
3941,62.8436691239
3942,126.028725475
3943,97.4447570727
3944,78.4828547301
3945,80.3517223197
3946,71.218787931
3947,126.08641403
3948,93.3727432404
3949,83.965649472
3950,87.0020859106
3951,121.449164635
3952,128.926505851
3953,118.308852433
3954,74.0028898798
3955,84.6853415582
3956,58.7059772336
3957,130.158450922
3958,107.721653024
3959,126.005518625
3960,127.757567646
3961,83.0700569062
3962,135.187613279
3963,70.0613827598
3964,128.166251056
3965,88.3812506679
3966,61.230765996
3967,63.4880459414
3968,52.1071254674
3969,96.7011580489
3970,101.163927679
3971,105.699556698
3972,134.760278085
3973,63.5170625466
3974,73.857044459
3975,83.1141461967
3976,89.1279466406
3977,61.8080528946
3978,86.5864289073
3979,66.735410839
3980,121.056877835
3981,74.4833238003
3982,120.218936736
3983,117.62345167
3984,77.4116421961
3985,123.460445538
3986,119.74540989
3987,127.409344874
3988,54.6898738276
3989,67.6673782573
3990,124.795195616
3991,80.038644849
3992,110.479951297
3993,124.354836934
3994,40.6840848964
3995,115.040608062
3996,87.5902021569
3997,73.2790989942
3998,64.2770822843
3999,126.871004917
4000,128.979595172
